,SMILES
0,CC(C)c1cc(C(=O)O)c([O-])c(C(C)C)c1.CC(C)c1cc(C(=O)O)c([O-])c(C(C)C)c1.[Cu+2]
1,Cc1cc(O)c(C(=O)O)cc1C#N
2,N#Cc1cc(C(=O)O)c(O)cc1N
3,COc1cc(CC#N)c([N+](=O)[O-])cc1C
4,CC(=O)c1cc(O)cc(N)c1C#N
5,CN(C)c1cc(C#N)cc(C(=O)O)c1
6,Cc1ccc(C(=O)O)c([O-])c1.Cc1ccc(C(=O)O)c([O-])c1.[Cu+2]
7,Cc1cccc(C(=O)[O-])c1O.[Cu+]
8,Cc1cccc(C(=O)[O-])c1O.[Na+]
9,CCOC(=O)c1cc(C#N)c(N)c(C)c1O
10,CCOC(=O)c1cc(C#N)c(N)cc1O
11,Cc1c(NCC#N)cccc1C(=O)O
12,N#Cc1ccc(C(=O)O)cc1N
13,Cc1cc(C(C)(C)C)c(O)c(C)c1CC#N
14,CCc1ccc(C(=O)O)cc1C#N
15,COc1cc(CC#N)c([N+](=O)[O-])c(OC)c1
16,N#Cc1ccc(O)c(C(=O)O)c1
17,N#Cc1cc(C(=O)O)c(O)c(Br)c1N
18,COC(=O)c1cc(CC#N)ccc1OC
19,COC(=O)c1cc(N)cc(C#N)c1
20,N#Cc1cc(C(=O)O)ccc1O
21,COc1cccc(CC#N)c1[N+](=O)[O-]
22,N#Cc1cccc(C(=O)O)c1O
23,N#CCc1cc(C(=O)O)ccc1C(=O)O
24,COC(=O)c1ccc(C#N)c(N)c1
25,CC(=O)c1cc(C#N)c(N)cc1O
26,COC(=O)c1c(OC)ccc(NC=C(C#N)C#N)c1OC
27,CC(=O)c1cc(C#N)c(N)c(C)c1O
28,N#Cc1ccc(C(=O)O)c(O)c1
29,O=C1c2c(O)ccc([N+](=O)[O-])c2C(=O)c2c([N+](=O)[O-])ccc(O)c21
30,N#Cc1ccc(C(=O)O)cc1[N+](=O)[O-]
31,N#Cc1cc(C(=O)O)cc([N+](=O)[O-])c1
32,CCNc1cc(C#N)ccc1C(=O)O
33,N#Cc1c(C(=O)O)cccc1[N+](=O)[O-]
34,N#Cc1c(N)c2c(c(O)c1C#N)C(=O)c1ccccc1C2=O
35,COC(=O)c1cc(C#N)ccc1O
36,COc1ccc([N+](=O)[O-])c(CC#N)c1
37,COC(=O)c1ccc(O)c(C#N)c1
38,COc1ccc(C#N)cc1C(=O)O
39,COc1cc(CC#N)ccc1[N+](=O)[O-]
40,Cc1cc(Oc2ccc([N+](=O)[O-])cc2C#N)ccc1C(C)C
41,O=[N+]([O-])c1cc(C2CCCCC2)c(O)c([N+](=O)[O-])c1
42,Cc1c(C#N)c(N)c(N)c(O)c1C#N
43,Cc1ccc(C(=O)Oc2ccc(Oc3ccc(C#N)cc3)cc2)cc1[N+](=O)[O-]
44,COc1cc(C#N)c(C)c([N+](=O)[O-])c1
45,COc1cc(C#N)ccc1C(=O)O
46,N#Cc1ccc(C(=O)O)c(N)c1
47,COc1cc(CC#N)c([N+](=O)[O-])cc1C(F)(F)F
48,N#Cc1c(O)ccc([N+](=O)[O-])c1O
49,N#Cc1cc(O)cc(C(=O)O)c1
50,CC(C)(C#N)c1ccc(C(=O)O)cc1
51,COc1ccc(CC#N)cc1[N+](=O)[O-]
52,CCOC(=O)c1cc(C#N)c(N)c(Br)c1O
53,N#Cc1ccc(N)c(C(=O)O)c1
54,N#Cc1cc(C(=O)O)ccc1N
55,COC(=O)c1cc(C#N)cc([N+](=O)[O-])c1
56,CC(C)(C#N)c1cccc(C(=O)O)c1
57,COC(=O)c1cc(C#N)ccc1OC
58,COC(=O)c1ccc(C#N)cc1N
59,CC(C#N)c1cccc(C(=O)O)c1
60,N#Cc1ccc(N)cc1C(=O)O
61,N#Cc1ccc(C(=O)O)cc1O
62,COc1cc(CC#N)c([N+](=O)[O-])cc1OC
63,N#Cc1cccc([N+](=O)[O-])c1O
64,O=C(O)c1cc(N(Cc2ccc(C3CCCCC3)cc2)C(=O)c2ccc(Oc3ccccc3)cc2)ccc1O
65,COc1cc(Nc2ccc([N+](=O)[O-])cc2C(=O)O)cc2ccccc12
66,O=C(c1cc(O)c(O)c([N+](=O)[O-])c1)c1ccccc1F
67,CCOC(=O)c1ccc(C#N)c([N+](=O)[O-])c1
68,COC(=O)c1cccc(C#N)c1OC
69,N#Cc1cc(CO)c(O)cc1CO
70,COC(=O)c1cccc([N+](=O)[O-])c1C#N
71,COC(=O)c1cc(OC)c(C)cc1C#N
72,CC(C)Oc1ccc(C(=O)O)cc1C#N
73,N#Cc1cccc(-c2cc(O)cc(C(=O)O)c2)c1
74,COC(=O)c1ccc(OC(C)C)c(C#N)c1
75,COc1ccc(CC#N)c([N+](=O)[O-])c1
76,COC(=O)c1ccc(OC)c(C#N)c1
77,N#CC1(c2ccc(C(=O)O)cc2)CC1
78,N#CC(C#N)=CNc1ccc(O)c2c1C(=O)c1ccccc1C2=O
79,Cc1cccc(C(=O)OCC(=O)Nc2ccccc2C#N)c1O
80,N#Cc1cc([N+](=O)[O-])ccc1Oc1ccc2c(c1)CCC2
81,Cc1cccc(C(=O)OCC(=O)Nc2cccc(C#N)c2)c1O
82,CC(C)(C)c1ccc(Oc2ccc([N+](=O)[O-])cc2C#N)cc1
83,Cc1ccc(C(=O)OCc2ccccc2C#N)c(O)c1
84,CC(C)(C)c1cc(C(=O)Oc2ccc(C#N)c(C#N)c2)cc(C(C)(C)C)c1
85,N[C@H](C(=O)O)c1ccc(C(=O)O)c(C(=O)O)c1
86,O=C(O)c1cc2cccc(O)c2cc1O
87,NCCc1cc(O)c(O)cc1O
88,Br.NCCc1cc(O)c(O)cc1O
89,Cl.NCCc1cc(O)c(O)cc1O
90,CN(C)CCNc1ccc(NCCN(C)C)c2c1C(=O)c1c(O)ccc(O)c1C2=O
91,CC(C)(C)c1cc(C#N)c(OCc2ccc([N+](=O)[O-])cc2)c(C#N)c1
92,COC(=O)c1cc(OC)cc(C)c1C#N
93,COC(=O)c1cc(C#N)ccc1N
94,COC(=O)c1cccc(C(C)(C)C#N)c1
95,COc1cc(N)c(CC#N)cc1OC
96,COc1cccc([N+](=O)[O-])c1CC#N
97,COC(=O)c1cc(N)ccc1C#N
98,COC(=O)c1cccc(NCC#N)c1
99,COc1ccc(C(=O)O)cc1COc1ccc(C#N)cc1
100,COC(=O)c1cc(C#N)cc(I)c1O
101,COC(=O)c1cccc(N)c1NCc1ccc(-c2ccccc2C#N)cc1
102,CNC[C@H](O)[C@@H](O)[C@H](O)[C@H](O)CO.O=C(Nc1ccc(C(=O)O)c(O)c1)c1ccccc1
103,COc1cc2c(cc1C)C(C#N)C2
104,CCOC(=O)/C(C#N)=C/Nc1ccc(OC)c(C(=O)OC)c1OC
105,COC(=O)c1ccc(C#N)cc1OC
106,Cc1ccc(C(=O)O)cc1C#N
107,N#CCc1cccc(C(=O)O)c1
108,N#Cc1ccc(Nc2cccc(C(=O)O)c2)cc1
109,N#CCc1ccc(Oc2ccc(C(=O)O)cc2)cc1
110,COC(=O)c1cc(C=C(C#N)C#N)c(OC)cc1OC
111,COc1cc(OC)c(C(=O)OCC#N)cc1OC
112,Cc1cc(C(C)(C)C)ccc1OC(=O)c1ccc(C#N)cc1
113,COc1ccc(CNC(=O)c2ccc(C#N)cc2)cc1C(=O)O
114,CC(C)(C)c1ccc(O)c(NC(=O)c2ccc(C#N)cc2)c1
115,Cc1c(COc2ccccc2C#N)cccc1[N+](=O)[O-]
116,COC(=O)c1ccc(NC(=N)NC#N)cc1O
117,COC(=O)c1cccc(C(C)C#N)c1
118,COC(=O)c1ccc(N)c(C#N)c1
119,CC1(C)CCC(C)(C)c2cc(C(=O)Nc3ccc(C(=O)O)cc3)ccc21
120,CC(CCc1ccccc1)NCC(O)c1ccc(O)c(C(N)=O)c1
121,CC(CCc1ccccc1)NCC(O)c1ccc(O)c(C(N)=O)c1.Cl
122,COc1ccc(/C=C/C(=O)Nc2ccccc2C(=O)O)cc1OC
123,CCCC[N+](CCCC)(CCCC)CCCC.O=C([O-])c1ccccc1O
124,Cc1ccc(C(C)(C)C)c(O)c1
125,N#CCc1ccc(C(=O)c2ccccc2)cc1O
126,COc1ccc(C(C#N)c2ccc(C(=O)c3ccccc3)cc2)cc1OC
127,CC1(C)Cc2c(C#N)c(N)c3c(c2CO1)C(=O)OC3=O
128,N#CCCc1cccc(C(=O)O)c1
129,CCC[C@H]1CC[C@H](c2ccc(C(=O)Oc3ccc(C#N)cc3)cc2)CC1
130,CCCCC[C@H]1CC[C@H](c2ccc(C(=O)Oc3ccc(C#N)cc3)cc2)CC1
131,CC[C@H]1CC[C@H](c2ccc(C(=O)Oc3ccc(C#N)cc3)cc2)CC1
132,CCCC[C@H]1CC[C@H](c2ccc(C(=O)Oc3ccc(C#N)cc3)cc2)CC1
133,COC(=O)c1cccc(OC)c1CC#N
134,CC(C)(C)c1ccc(C#N)c(O)c1
135,CCOC(=O)c1cc(C#N)ccc1N
136,CC(C)COc1ccc(C(=O)O)cc1C#N
137,CCOC(=O)c1cccc(N)c1NCc1ccc(-c2ccccc2C#N)cc1
138,N#Cc1cc(C(=O)O)ccc1OCc1ccccc1
139,N#Cc1ccc(Oc2ccc(C(=O)OCC(=O)c3cccc([N+](=O)[O-])c3)cc2)cc1C#N
140,COc1ccc(C)cc1NCc1ccc(C)cc1C.O=C(O)C(=O)O
141,COC(=O)c1ccc(C#N)c(O)c1
142,CC[C@@H](C(=O)[C@@H](C)[C@@H](O)[C@H](C)CCc1ccc(C)c(O)c1C(=O)O)[C@H]1O[C@](CC)([C@H]2CC[C@](O)(CC)[C@H](C)O2)C[C@@H]1C
143,N#Cc1cccc(-c2ccc(C=O)c(O)c2)c1
144,COc1c(C(=O)O)cccc1-c1cccc(C#N)c1
145,Cc1cc(C(=O)O)ccc1-c1ccc(C#N)cc1
146,COc1cccc2c1NCCC2.O=C(O)C(=O)O
147,Cc1cc(C(=O)O)ccc1C#N
148,N#Cc1cc(F)c(C(=O)O)cc1[N+](=O)[O-]
149,N#C/C(=C/c1ccc(OCc2cccc(C(=O)O)c2)cc1)c1ccccc1
150,Cc1cc(C#N)c(O)c2c1CCC2
151,N#CCc1ccc(OCc2cccc(N)c2)cc1
152,N#Cc1cc(C(=O)O)ccc1N1CCCC1
153,N#Cc1cccc(OCc2cccc(C(=O)O)c2)c1
154,Cc1ccc(C(C)C)c(OC(=O)c2ccc(C#N)cc2)c1
155,COc1cc(C(C)=O)ccc1COc1ccc(C(=O)OCC#N)cc1OC
156,COc1cc(OC)c(C(=O)OC(C)C#N)cc1OC
157,COC(=O)c1cc(CNCC(O)COc2ccc(C(C)(C)CC(C)(C)C)cc2)ccc1OC
158,C=CCc1ccc(OC(=O)c2cccc(C#N)c2)c(OC)c1
159,COC(=O)c1ccc(C)c(NCC(=O)Nc2ccccc2C#N)c1
160,CN(C)c1cccc(C(=O)OCc2ccccc2C#N)c1
161,COC(=O)c1cccc(NC(=O)c2ccc(C#N)cc2)c1C
162,COc1cc(C#N)ccc1OCc1cccc([N+](=O)[O-])c1
163,COc1cc(OC)c(OC)cc1CNc1cc(C)cc(C)c1.O=C(O)C(=O)O
164,COc1c(C)c2c(c(O)c1C/C=C(\C)CCC(=O)O)C(=O)OC2
165,CC(C)OC(=O)c1ccccc1Oc1cc(C#N)c(C#N)cc1[N+](=O)[O-]
166,COc1cc(C(=O)O)ccc1C#N
167,CCOC(=O)c1cccc(C(C)C#N)c1
168,N#Cc1ccc(Oc2ccc(NC(=O)c3ccccc3C(=O)O)cc2)cc1
169,COc1cc(OC)c(OC)cc1CNc1ccc(C)c(C)c1.O=C(O)C(=O)O
170,COc1ccc(C)cc1NCc1ccc(OC)c(C)c1OC.O=C(O)C(=O)O
171,COc1cc(C)c(CC#N)cc1C
172,COC(=O)c1cccc(CC#N)c1
173,CC[N+](CC)(CC)Cc1ccccc1.O=C([O-])c1ccccc1O
174,Nc1ccccc1.O=C(O)c1ccccc1C(=O)O
175,N#Cc1ccc(-c2cccc(C=O)c2)cc1O
176,N#Cc1ccc(-c2ccc(C(=O)O)c(F)c2)cc1O
177,COc1cc(C(=O)O)cc(-c2ccc(C#N)cc2)c1
178,COC(=O)c1cc(O)cc(-c2cccc(C#N)c2)c1
179,Cc1ccc(C#N)cc1C(=O)O
180,N#Cc1c([N+](=O)[O-])ccc(C(=O)O)c1[N+](=O)[O-]
181,CC(=O)c1cc(C#N)ccc1O
182,Cc1cc(C#N)ccc1Oc1ccc(C(=O)O)cc1
183,N#Cc1cc2c(c(C(=O)O)c1)OCCO2
184,N#Cc1ccc(OCc2cccc(C(=O)O)c2)cc1
185,Cc1c(C#N)c(N)c(-[n+]2ccccc2)c([O-])c1C#N
186,CC(C)(C)c1ccc(C(=O)OC(C#N)Cc2ccc([N+](=O)[O-])cc2)cc1
187,COC(=O)c1cc(CNCc2ccc(Cl)cc2)ccc1OC.O=C(O)C(=O)O
188,CC(C)c1cc(C(=O)OCC(=O)NC(C)(C#N)C(C)C)c(O)c(C(C)C)c1
189,Cc1ccc(C(=O)OCc2ccc(C#N)cc2)cc1O
190,CC(=O)CCc1ccc(Oc2ccc([N+](=O)[O-])cc2C#N)cc1
191,CNc1ccc(C(=O)OCCCC#N)cc1[N+](=O)[O-]
192,CC(=O)Nc1ccc(C(C)=O)cc1OCc1cccc(C#N)c1
193,COc1ccc(C(=O)O)c(OCc2ccc(C#N)cc2)c1
194,Cc1ccc(C(=O)OCC(=O)N(CCC#N)c2ccccc2)c(O)c1
195,NC(C(=O)O)c1cc(O)cc(O)c1
196,Cl.NC(C(=O)O)c1cc(O)cc(O)c1
197,NC(C(=O)O)c1cc(O)cc(O)c1.O=C(O)C(F)(F)F
198,COc1cc(C(C)=O)cc(-c2cc(C(C)=O)cc(OC)c2O)c1O
199,O=C1c2ccccc2C(=O)c2c(NCCc3ccc(O)cc3)ccc(NCCc3ccc(O)cc3)c21
200,CC(C)(C)c1cc(C#N)c(OC(=O)c2ccc(C(F)(F)F)cc2)c(C#N)c1
201,COc1ccc(CC#N)c(C)c1C
202,COC(=O)c1cc(Cl)c(O)c(C#N)c1
203,COC(=O)c1cc([N+](=O)[O-])c(C#N)cc1F
204,COC(=O)C(C(=O)OC)c1ccc(C#N)cc1N
205,CC(=O)c1ccc(O)c(C#N)c1
206,N#CCc1cc(OCc2ccccc2)c(OCc2ccccc2)cc1[N+](=O)[O-]
207,CCc1cc(N)cc(C#N)c1OC
208,N#CCCNc1ccccc1C(=O)O
209,COc1ccc(CNc2ccc(C)c(C)c2)cc1OC.O=C(O)C(=O)O
210,COc1cc(OC)c(OC)cc1CNc1ccc(C)c(C)c1
211,COc1ccc(CNc2cc(C)ccc2C)c(OC)c1C
212,N#Cc1ccc(Oc2ccc(C(=O)OCC(=O)c3ccc([N+](=O)[O-])cc3)cc2)cc1C#N
213,COC(=O)c1cc2c(c(OC)c1)OC(C#N)CN2
214,COC(=O)c1c(C#N)ccc(OC)c1C
215,COc1ccc(CC#N)cc1N
216,COc1ccc(CC#N)cc1N.Cl
217,O=C(O)c1ccccc1.Oc1cccc(O)c1
218,N#C/C(=C\c1cc(O)c(O)c([N+](=O)[O-])c1)C(=O)O
219,COC(=O)c1cccc(-c2cccc(C#N)c2)c1OC
220,COC(=O)c1ccc(OC)cc1C#N
221,COC(=O)c1cc(C#N)ccc1C
222,COC(=O)c1c(C#N)ccc(OC)c1OC
223,COc1ccc2c(c1C)CC2C#N
224,Cc1c(O)ccc(C#N)c1N
225,CCCCCc1ccc2c(c1)Cc1cc(OC(=O)c3ccc(C#N)cc3)ccc1-2
226,Cc1cc(OCc2cccc(C#N)c2)ccc1N
227,Cc1cc(OCc2cccc(C#N)c2)ccc1N.Cl
228,Cc1c(C#N)cccc1C(=O)O
229,N#CCc1ccc(OCc2ccccc2N)cc1
230,COc1cc(C(=O)O)c([N+](=O)[O-])cc1OCC#N
231,N#Cc1ccccc1OCc1cccc(C(=O)O)c1
232,COc1cc(OC)c(C(=O)OCC(=O)Nc2ccccc2C#N)cc1OC
233,Cc1cccc(C(=O)OCC(=O)N(CCC#N)c2ccccc2)c1O
234,N#Cc1cc([N+](=O)[O-])ccc1Oc1ccc(C(=O)c2ccc(F)cc2)cc1
235,N#Cc1ccccc1Oc1ccc(C(N)=O)cc1[N+](=O)[O-]
236,COc1cc(C(=O)OCC#N)c([N+](=O)[O-])cc1OC
237,COc1cc(C(=O)Nc2cccc(C#N)c2)cc(OC)c1C
238,CSc1ccc(C(=O)Oc2ccccc2C#N)cc1[N+](=O)[O-]
239,N#Cc1ccc(OC(=O)c2cccc(-n3cccc3)c2)cc1
240,COC(=O)c1c(C)cccc1NC(=O)c1ccc(C#N)cc1
241,N#Cc1cccc(NC(=O)c2ccc3c(c2)COCO3)c1
242,N#Cc1ccc(OCc2cc([N+](=O)[O-])cc3c2OCOC3)cc1
243,COc1ccccc1/C=C(\C#N)c1cc(OC)c(OC)cc1[N+](=O)[O-]
244,COc1ccc(-c2ccc3cc(C(=O)O)ccc3c2)cc1C12CC3CC(CC(C3)C1)C2
245,CC(C)c1c(O)cccc1C#N
246,N#CC1(c2ccc(O)c(O)c2)CC1
247,CCOC(=O)c1cccc(CC#N)c1
248,N#CCNc1ccc(C(=O)O)cc1
249,N#Cc1ccc(Oc2ccc(C3(c4ccc(Oc5ccc(C#N)c(C#N)c5)cc4)OC(=O)c4ccccc43)cc2)cc1C#N
250,N#Cc1ccc(Oc2ccc(N3C(=O)c4ccc(C(=O)O)cc4C3=O)cc2)cc1
251,Cc1cc(Oc2ccc(C#N)c(C#N)c2)c(C(C)C)cc1C1(c2cc(C(C)C)c(Oc3ccc(C#N)c(C#N)c3)cc2C)OC(=O)c2ccccc21
252,COc1ccc(CNc2ccc(C)c(C)c2)c(OC)c1.O=C(O)C(=O)O
253,COC(=O)c1cc(C(=O)Nc2ccc(C#N)cc2)cc([N+](=O)[O-])c1
254,N#Cc1cc(N)ccc1C(=O)O
255,COc1cc(CC(C#N)C(=O)Nc2cccc(C)c2C)ccc1O
256,CCc1c(OS(C)=O)ccc(C(=O)OC(C#N)c2cccc(Oc3ccccc3)c2)c1OC
257,N#Cc1ccc(O)c(C=O)c1
258,COc1cc(OC)c(C(N)CO)cc1OC
259,COc1ccc(C(N)CO)c(OC)c1OC
260,N#Cc1cccc(O)c1N
261,Nc1ccccc1.O=C(O)c1ccccc1
262,N#Cc1cc(O)cc(-c2cccc(N)c2)c1
263,Cc1ccc(C(=O)O)c(Oc2ccc(CC#N)cc2)n1
264,COc1ccc(C#N)c(C(=O)O)c1
265,COc1ccc(CC#N)c(C)c1OC
266,COc1ccc(OCC#N)c(C(=O)O)c1
267,Cc1cccc(N/C=C(/C#N)C(=O)c2ccccc2)c1C(=O)O
268,COC(=O)c1cc(NC(=O)CN2CCc3ccccc3C2)cc(C(=O)OC)c1.O=C(O)C(=O)O
269,N#Cc1cccc(NC(=O)COC(=O)c2cc3ccccc3cc2O)c1
270,COc1ccc(C(C)=O)cc1COc1ccc(C#N)cc1
271,COc1cccc(OC)c1C(=O)OCc1ccccc1C#N
272,CCOc1ccc(C(C)=O)cc1COc1ccc(C#N)cc1OC
273,CC(=O)c1ccc(C)cc1OCc1ccccc1C#N
274,Cc1ccc(OCc2ccccc2C#N)c2c1C(C)CC2=O
275,COc1cccc(C(=O)COC(=O)c2ccc(C#N)cc2)c1
276,COc1ccc(C(=O)C(C#N)C(=O)c2ccc(C)c(OC)c2)cc1
277,Cc1cccc(C(=O)OCCOc2ccc(C#N)cc2)c1O
278,COc1ccc(OCc2ccc(C#N)cc2)c(C(=O)O)c1
279,N#CCc1ccc(NC(=O)COC(=O)c2ccc3c(c2N)C(=O)c2ccccc2C3=O)cc1
280,Cc1ccc(O)c(C(C)(C)C)c1
281,Cc1ccc(S(=O)(=O)OCC(=O)Nc2ccc(C(=O)O)c(O)c2)cc1
282,CCCCCCCC(=O)c1c(O)cc(O)cc1CC(=O)OCC
283,COC(=O)c1ccc(-c2ncccc2C#N)cc1
284,COc1cc(CC#N)cc(OC)c1O
285,COc1ccc(CC#N)c(OC)c1OC
286,COc1cc(OC)cc(C(C)(C)C#N)c1
287,CCOC(=O)c1ccc(Nc2cccc(C#N)c2)cc1
288,N#Cc1cc(N)cc(O)c1
289,N#Cc1ccc(Oc2ccc(OC(=O)c3ccc([N+](=O)[O-])cc3)cc2)cc1
290,N#Cc1ccc(-c2cccc(C(=O)O)c2)cc1
291,N#Cc1ccc(Oc2ccc3c4c(cccc24)C(=O)OC3=O)cc1C#N
292,COC(=O)c1ccc(N)cc1C#N
293,COc1cccc(CC(C#N)C(=O)Nc2cccc(C)c2C)c1
294,COc1ccc(CC(C#N)C(=O)Nc2cccc(C)c2C)c(OC)c1
295,COc1cccc([N+](=O)[O-])c1C#N
296,CC(C)(C)c1cc(CC#N)cc(C(C)(C)C)c1O
297,COc1ccc(C(C)=O)cc1CC#N
298,COc1ccc(C(C)(C)C#N)cc1OC
299,COC(=O)c1cc(/C=C(\C#N)C(=O)O)c(OC)cc1OC
300,N#Cc1ccc(Oc2ccc(C(=O)O)cc2)cc1
301,COc1cc(C(CC#N)CC#N)cc(OC)c1OC
302,Cc1cccc(NC(=O)/C(C#N)=C/c2ccccc2OCc2ccc(C(=O)O)cc2)c1C
303,CCOc1ccc(C(C)=O)cc1COc1ccccc1C#N
304,N#Cc1ccc(COC(=O)c2ccc(O)cc2)cc1
305,COc1cc(CNCc2ccccc2)ccc1OCC(O)c1cc(C)c(C)cc1C.O=C(O)C(=O)O
306,CCOC(=O)Nc1cccc(C(=O)OCc2ccc(C#N)cc2)c1
307,Cc1cccc(C(C)C)c1NC(=O)c1ccc(C#N)cc1
308,Cc1cccc(C(=O)OCc2ccc(C#N)cc2)c1C
309,N#Cc1ccccc1COC(=O)c1ccc(Cl)c(N)c1
310,N#CC(OC(=O)c1ccccc1)c1cccc([N+](=O)[O-])c1
311,N#Cc1ccccc1COC(=O)c1ccccc1O
312,N#CCC(=O)Nc1ccc(C(=O)OCc2cc([N+](=O)[O-])cc3c2OCOC3)cc1
313,COC(=O)c1cccc(NC(=O)/C(C#N)=C/c2ccc(OC)cc2)c1
314,N#CC(C#N)=NNc1ccc(C(=O)O)cc1[N+](=O)[O-]
315,O=C(Oc1cc(OC(=O)c2cc(O)c(O)c(O)c2)c2ccccc2c1)c1cc(O)c(O)c(O)c1
316,Cc1ccc(NC(=O)c2cccc(N(C)C)c2)cc1NC(=O)c1ccc(O)cc1
317,COc1c(C)c2c(c(O)c1C/C=C(\C)CCC(=O)OCCN1CCOCC1)C(=O)OC2
318,COc1c(C)c2c(c(O)c1C/C=C(\C)CCC(=O)OCCN1CCOCC1)C(=O)OC2.Cl
319,N#Cc1cc(O)c(N)cc1C(F)(F)F
320,COc1ccc2c(c1)CCC2C#N
321,N#Cc1cc(O)ccc1N
322,Cc1cc(C(C)(C)c2ccc(Oc3ccc(C#N)c(C#N)c3)c(C)c2)ccc1Oc1ccc(C#N)c(C#N)c1
323,N#Cc1ccc(Oc2ccc(C(=O)OCC(=O)c3ccccc3)cc2)cc1C#N
324,COc1cccc(CC(C#N)C(=O)Nc2cc(C)ccc2C)c1
325,COc1ccc(CC(C#N)C(=O)Nc2cc(C)ccc2C)c(OC)c1
326,COc1ccc(OC)c(CC(C#N)C(=O)Nc2cccc(C)c2C)c1
327,COc1cc(CC(C#N)C(=O)Nc2cc(C)cc(C)c2)ccc1O
328,COc1cc(CC(C#N)C(=O)Nc2ccc(C)c(C)c2)ccc1O
329,CC(C)(C)c1ccc(Oc2cccc(C(=O)CC#N)c2)cc1
330,COC(=O)c1cc(OC)ccc1C#N
331,CCOC(=O)c1ccc(-c2ncccc2C#N)cc1
332,COc1cccc(OC)c1C(=O)Nc1ccc(C(C#N)Cc2ccc(N(C)C)cc2)cc1
333,COc1cc(C(=O)c2ccccc2C#N)cc(OC)c1OC
334,COc1cc(C(=O)Nc2ccc(CC#N)cc2)cc(OC)c1OC
335,N#Cc1ccccc1Oc1ccccc1C(=O)O
336,COc1ccc2c(c1)C(C#N)CC2
337,N#CCOc1ccccc1C(=O)O
338,N#CCc1ccc(Oc2ccc(N)cc2)cc1
339,Cl.N#CCc1ccc(Oc2ccc(N)cc2)cc1
340,N#Cc1ccc(Oc2cccc(C(=O)O)c2)cc1
341,N#CCc1ccc(NC(=O)c2ccccc2C(=O)O)cc1
342,N#Cc1cc(C=O)ccc1O
343,Cc1cccc(C(=O)Oc2ccc(/C=C(\C#N)c3ccccn3)cc2)c1
344,N#Cc1ccc(OC(=O)c2ccc([N+](=O)[O-])cc2)cc1
345,COc1ccc(C(=O)OCC(=O)N(CCC#N)c2ccccc2)c(OC)c1OC
346,CCOc1cc(/C=C(\C#N)C(=O)Nc2cccc(C(=O)O)c2)ccc1OC(=O)c1ccccc1
347,N#CCCN(C(=O)COC(=O)c1ccccc1O)c1ccccc1
348,N#Cc1ccc(COC(=O)c2cc3ccccc3cc2O)cc1
349,COc1cc(C(C)=O)ccc1COc1ccc(C(=O)OCC(=O)N(C)CCC#N)cc1OC
350,COc1cc(C(C)=O)ccc1OCc1ccc(C#N)cc1
351,CCC(C)c1ccccc1NC(=O)CN(C)Cc1ccc(OC)c(OC)c1OC.O=C(O)C(=O)O
352,COc1cc(C(C)=O)ccc1OCc1ccccc1C#N
353,COc1cc(C(=O)O)ccc1OCC#N
354,CCc1cccc(C)c1NC(=O)c1ccc(OCC#N)cc1
355,CC(C#N)OC(=O)c1cc2ccccc2cc1O
356,CCCCNCCCOc1ccc(C(C)C)c(C)c1.O=C(O)C(=O)O
357,N#CCOC(=O)c1ccc2ccccc2c1O
358,COc1ccc(O)c(C(=O)OC(C)C(=O)Nc2ccccc2C#N)c1
359,N#Cc1ccccc1COC(=O)c1cc2c(cc1[N+](=O)[O-])OCCO2
360,COc1cc(N)c(Cl)cc1C(=O)OC(C)C#N
361,COc1cccc(C(=O)OCc2ccccc2C#N)c1O
362,N#Cc1cccc(NC(=O)c2ccccc2C(=O)O)c1
363,N#Cc1cccc(N)c1O
364,COc1cc(C(=O)CC#N)cc(OC)c1OC
365,COc1c(C)cc(C(=O)CC#N)cc1C
366,CCOC(=O)c1cccc(NC(=O)/C(C#N)=C/c2ccc(OC)cc2)c1
367,COc1c(C)c(C(=O)c2ccc(N)c(C(=O)[O-])c2)n2ccccc12.[Na+]
368,COC(=O)c1cc(C#N)c(O)nc1C
369,COC(=O)c1cc(C#N)c(Oc2cccc(C)c2C)nc1C
370,COC(=O)c1ccccc1OCC#N
371,COc1c(OCc2ccccc2)ccc(C#N)c1N
372,COc1cccc(C(=O)Nc2ccc(CC#N)cc2)c1
373,COc1ccc(C(=O)CC#N)cc1OC
374,COc1ccc(C#N)cc1C=O
375,N#CCC(=O)Nc1ccc(C(=O)O)cc1
376,COc1ccc(CC(C#N)C(=O)Nc2cccc(C)c2C)cc1
377,COc1cccc(CC(C#N)C(=O)Nc2ccc(C)cc2C)c1
378,COc1cccc(CC(C#N)C(=O)Nc2cc(C)cc(C)c2)c1
379,COc1cccc(CC(C#N)C(=O)Nc2ccc(C)c(C)c2)c1
380,COc1ccc(CC(C#N)C(=O)Nc2cc(C)cc(C)c2)c(OC)c1
381,COc1ccc(CC(C#N)C(=O)Nc2ccc(C)c(C)c2)c(OC)c1
382,COc1ccc(CC(C#N)C(=O)Nc2ccc(C)cc2C)c(OC)c1
383,COc1ccc(OC)c(CC(C#N)C(=O)Nc2ccc(C)c(C)c2)c1
384,COc1ccc(OC)c(CC(C#N)C(=O)Nc2cc(C)ccc2C)c1
385,COc1ccc(OC)c(CC(C#N)C(=O)Nc2cc(C)cc(C)c2)c1
386,CCc1ccccc1NC(=O)C(C#N)Cc1ccc(O)c(OC)c1
387,COc1cc([N+](=O)[O-])c(C#N)cc1OCc1ccccc1
388,COC(=O)c1ccc(OCc2ccccc2C#N)cc1
389,COC(=O)c1cccc(COc2ccc(Cl)cc2C#N)c1
390,CCOC(=O)c1cc(OC)ccc1C#N
391,N#CCOc1ccc(C(=O)O)cc1
392,N#Cc1ccccc1COc1ccc(C(=O)O)cc1
393,COc1cc(C(=O)Oc2ccc(C#N)cc2)cc(OC)c1OC
394,Cc1cc(C(=O)O)c(C#N)c(O)n1
395,COc1cc(/C=C(\C#N)C(=O)Nc2cccc(C(=O)O)c2)cc(Br)c1OC
396,N#Cc1ccccc1COC(=O)c1cc2ccccc2cc1O
397,N#CCC(=O)Nc1ccc(C(=O)OCc2ccccc2Oc2ccccc2)cc1
398,COc1ccc(C(=O)c2ccccc2)c(OCc2ccccc2C#N)c1
399,COc1cc(OC)c(CNC(C)c2cc(OC)ccc2OC)c(OC)c1.O=C(O)C(=O)O
400,CN(C)c1ccc(C(=O)OCCOc2ccc(C#N)cc2)cc1
401,COc1ccc(C(C)(C)C)cc1NC(=O)COc1ccccc1C#N
402,COc1cccc(C(=O)OCc2cc(C#N)ccc2F)c1O
403,COc1ccc(COCc2cccc(NC(=O)C(C)(C)C#N)c2)cc1
404,COc1cc(/C=C(\C#N)c2ccc(Cl)cc2)ccc1OC(=O)c1c(OC)cccc1OC
405,COc1ccc(OC)c(C(=O)CC#N)c1
406,N#Cc1cc(N)ccc1O
407,COc1cccc(C(C#N)C=O)c1
408,COC(=O)c1cc(C#N)c(Oc2ccc(OC)cc2)nc1C
409,COC(=O)c1cc(C#N)c(Oc2ccccc2)nc1C
410,COC(=O)c1ccc(-c2cc(C#N)ccn2)cc1
411,Cc1cc(C)c(C#N)c(C(=O)O)n1
412,COc1ccc2c(c1)NC(=O)CC2C#N
413,COc1ccccc1NC(=O)C(C#N)Cc1ccc(OC)c(OC)c1
414,N#Cc1ccc(N)c(O)c1
415,Cl.N#Cc1ccc(N)c(O)c1
416,COc1ccc(CCNCc2ccccn2)cc1OC
417,COc1ccc(C(=O)Nc2ccc(C#N)cc2)c(OC)c1
418,COc1ccc(CC(C#N)C(=O)Nc2cc(C)cc(C)c2)cc1
419,COc1ccc(CC(C#N)C(=O)Nc2ccc(C)c(C)c2)cc1
420,COc1ccc(CC(C#N)C(=O)Nc2cc(C)ccc2C)cc1
421,COc1cccc(CC(C#N)C(=O)Nc2ccccc2C)c1
422,CCc1ccccc1NC(=O)C(C#N)Cc1cccc(OC)c1
423,COc1cccc(CC(C#N)C(=O)Nc2cccc(C)c2)c1
424,COc1ccc(CC(C#N)C(=O)Nc2cccc(C)c2)c(OC)c1
425,CCc1ccccc1NC(=O)C(C#N)Cc1ccc(OC)cc1OC
426,COc1ccc(OC)c(CC(C#N)C(=O)Nc2cccc(C)c2)c1
427,COc1ccc(OC)c(CC(C#N)C(=O)Nc2ccc(C)cc2C)c1
428,COc1ccccc1CC(C#N)C(=O)Nc1cc(C)ccc1C
429,COc1ccccc1CC(C#N)C(=O)Nc1cccc(C)c1C
430,COc1cc(C#N)c(N)cc1OCc1ccccc1
431,COc1cc(N)c(C#N)cc1OCc1ccccc1
432,CCOC(=O)c1cc(C#N)c(O)nc1C
433,Cc1ncc(C(=O)O)cc1C#N
434,N#CCOc1cc2ccccc2cc1C(=O)O
435,N#Cc1c(OCC(F)(F)F)ccc(C(N)=O)c1OCC(F)(F)F
436,COC(=O)c1ccccc1OCCCC#N
437,CCNc1ccc(C(=O)OCC)cc1NC(=O)CC#N
438,N#Cc1ccccc1COC(=O)c1ccc2c(c1)OCO2
439,N#CCc1ccc(NC(=O)COC(=O)c2ccccc2OCc2cccc(Br)c2)cc1
440,CCOC(=O)c1c(C)[nH]c(C)c1C(=O)C(C#N)C(=O)c1ccc(OC)cc1OC
441,COc1ccc(C(=O)CC#N)c(OC)c1
442,O=C(O)c1ccccc1OCc1ccccc1Br
443,O=C(O)c1ccc(O)c2ncccc12
444,Cc1[nH]c(C(=O)O)c(C#N)c1C(=O)c1ccccc1
445,Cc1cc(C(=O)O)c(C#N)cn1
446,COc1ccccc1C(=O)N1CCN(Cc2cc(OC)c(O)c(OC)c2)CC1.O=C(O)C(=O)O
447,CC(=O)Oc1ccc(C(=O)Nc2ccc(CC#N)cc2)cc1
448,COc1cccc(NC(=O)C(C#N)Cc2ccc(OC)c(OC)c2)c1
449,COc1ccc(NC(=O)C(C#N)Cc2ccc(OC)c(OC)c2)cc1
450,N#CC(C#N)=NNc1ccc(C(=O)O)cc1
451,CCc1nc2ccccc2c(C(=O)OCC#N)c1C
452,COc1cccc(NC(=O)C(C#N)Cc2ccc(OC)cc2OC)c1
453,COc1ccc(CC(C#N)C(=O)Nc2ccccc2C)c(OC)c1
454,COc1ccc(OC)c(CC(C#N)C(=O)Nc2ccccc2C)c1
455,CCc1ccccc1NC(=O)C(C#N)Cc1cc(OC)ccc1OC
456,COc1cc(CC(C#N)C(=O)Nc2ccccc2)ccc1O
457,COc1cc(CC(C#N)C(=O)Nc2ccc(C)cc2)ccc1O
458,N#Cc1c(-c2ccccc2)ccnc1C(=O)O
459,COc1ccc(C(=O)/C=C/Nc2ccccc2C#N)cc1
460,N#Cc1ccccc1COc1cccc(C(=O)O)c1
461,N#Cc1c(OCC(F)(F)F)ccc(C(=O)Nc2cc(C(F)(F)F)cc(C(F)(F)F)c2)c1OCC(F)(F)F
462,COC(=O)c1ccccc1OCCCCC#N
463,CCCc1nc2ccccc2c(C(=O)OCC#N)c1CC
464,COc1ccc(-c2cc(C(=O)OCC#N)c3ccccc3n2)cc1
465,COc1ccc(-c2cc(C(=O)OCC#N)c3ccccc3n2)cc1OC
466,CNC(=O)C(C#N)(Cc1cc(C(C)=O)ccc1OC)Cc1cc(C(C)=O)ccc1OC
467,CCCCOc1ccc(C(=O)OCc2ccccc2C#N)cc1OC
468,CCc1ccc(NC(=O)C(C#N)C(=O)c2cc(OC)cc(OC)c2)cc1
469,N#Cc1ccc(-c2ccc(OC(=O)c3ccccc3OCc3ccc(F)cc3)cc2)cc1
470,N#CC(C(=O)COC(=O)c1ccc(O)cc1O)=C1Nc2ccccc2N1
471,COc1cc(C(=O)c2ccc3ncccc3c2)cc(OC)c1OC
472,Br.O=C(O)c1ccc(O)c2ncccc12
473,Cl.O=C(O)c1ccc(O)c2ncccc12
474,CC(=O)c1c(C)[nH]c(C(=O)O)c1C#N
475,CCc1c(-c2ccccc2)nc(N)c(C#N)c1-c1ccc(O)c(OC)c1
476,CCc1ccccc1NC(=O)C(C#N)Cc1ccc(OC)cc1
477,COc1cccc(CC(C#N)C(=O)Nc2ccc(C)cc2)c1
478,CCc1ccc(NC(=O)C(C#N)Cc2cccc(OC)c2)cc1
479,COc1ccc(CC(C#N)C(=O)Nc2ccc(C)cc2)c(OC)c1
480,CCOc1ccc(NC(=O)C(C#N)Cc2cc(OC)ccc2OC)cc1
481,COc1ccc(OC)c(CC(C#N)C(=O)Nc2ccc(C)cc2)c1
482,COc1ccc(OC)c(CC(C#N)C(=O)Nc2ccccc2)c1
483,COc1cccc(NC(=O)C(C#N)Cc2cc(OC)ccc2OC)c1
484,COc1ccc(NC(=O)C(C#N)Cc2cc(OC)ccc2OC)cc1
485,CCc1ccccc1NC(=O)C(C#N)Cc1ccccc1OC
486,N#Cc1cccc(-c2ncccc2C(=O)O)c1
487,Cc1cc(C(=O)O)c(C)n1-c1ccc(C#N)cc1
488,CCOC(=O)c1cc(-c2ccccc2)nc(O)c1C#N
489,N#CCCNC(=O)COC(=O)c1ccccc1Oc1ccccc1
490,COc1ccc(C(=O)OC(C)C(=O)NC(C)(C#N)C(C)C)c(O)c1
491,COc1ccc(C=O)c(OCC#N)c1
492,N#C/C(=C\c1ccc(-c2ccc(O)c(C(=O)O)c2)o1)c1nc2ccccc2[nH]1
493,COc1ccc(-c2cc(C(=O)Oc3ccc(C#N)cc3)c3ccccc3n2)cc1
494,CCc1ccc(NC(=O)C(C#N)Cc2ccc(OC)cc2OC)cc1
495,CCc1ccc(NC(=O)C(C#N)Cc2cc(OC)ccc2OC)cc1
496,COc1cc(CC(C#N)C(=O)Nc2cccc3ccccc23)ccc1O
497,Cc1cc(/C=C(/C#N)c2ccc(Cl)cc2)c(C)n1-c1cccc(C(=O)O)c1
498,COc1cccc(C(=O)C(C#N)C(=O)Nc2cccc3ccccc23)c1OC
499,CCc1ccc(NC(=O)C(C#N)C(=O)c2cccc(COC)c2)cc1
500,Cc1cccc(C(=O)[O-])c1O.[Cu+]
501,Cc1cccc(C(=O)[O-])c1O.[Na+]
502,Cc1ccc(C(=O)O)c([O-])c1.Cc1ccc(C(=O)O)c([O-])c1.[Cu+2]
503,O=C(O)c1ccccc1.Oc1cccc(O)c1
504,CCCC[N+](CCCC)(CCCC)CCCC.O=C([O-])c1ccccc1O
505,O=C(O)c1ccccc1
506,O=C([O-])c1ccccc1.O=C([O-])c1ccccc1.[Cu+2]
507,O=C([O-])c1ccccc1.[NH4+]
508,O=C([O-])c1ccccc1.O=C([O-])c1ccccc1.[Ni+2]
509,O=C([O-])c1ccccc1.[Li+]
510,O=C([O-])c1ccccc1.[Na+]
511,O=C([O-])c1ccccc1.[K+]
512,O=C([O-])c1ccccc1.O=C([O-])c1ccccc1.[Pd+2]
513,O=C([O-])c1ccccc1.O=C([O-])c1ccccc1.[Ca+2]
514,O=C([O-])c1ccccc1.[Ag+]
515,O=C([O-])c1ccccc1.O=C([O-])c1ccccc1.O=C([O-])c1ccccc1.[Fe+3]
516,O=C([O-])c1ccccc1.O=C([O-])c1ccccc1.[Zn+2]
517,O=C([O-])c1ccccc1.O=C([O-])c1ccccc1.[Ba+2]
518,CC[N+](CC)(CC)Cc1ccccc1.O=C([O-])c1ccccc1O
519,N.O=C(O)c1ccccc1
520,O=C(O)c1ccccc1.[Ag]
521,O=C(O)c1ccccc1.O=C(O)c1ccccc1.OCCO
522,O=C(O)c1ccccc1.[Co]
523,N#Cc1cccc(C(=O)O)c1O
524,N#Cc1ccc(C(=O)O)c(O)c1
525,O=C(O)c1cc2cccc(O)c2cc1O
526,CC(O)CO.CC(O)CO.O=C(O)c1ccccc1.O=C(O)c1ccccc1
527,N#Cc1ccc(O)c(C(=O)O)c1
528,N#CCOc1ccccc1C(=O)O
529,CC[N+](CC)(CC)CC.O=C([O-])c1ccccc1
530,O=C(O)c1ccccc1C(=O)O
531,Nc1ccccc1.O=C(O)c1ccccc1
532,CC(C)c1cc(C(=O)O)c([O-])c(C(C)C)c1.CC(C)c1cc(C(=O)O)c([O-])c(C(C)C)c1.[Cu+2]
533,N#Cc1ccc(C(=O)O)cc1O
534,N#Cc1cc(C(=O)O)ccc1O
535,COC(=O)c1ccccc1OCC#N
536,COc1cc(C#N)ccc1C(=O)O
537,COC(=O)c1cc(C#N)ccc1O
538,COc1ccc(C#N)cc1C(=O)O
539,NC1CCCCC1.O=C(O)c1ccccc1
540,CCCC[N+](CCCC)(CCCC)CCCC.O=C([O-])c1ccccc1
541,COC(=O)c1cccc(C#N)c1OC
542,N#Cc1ccc(C=O)c(O)c1
543,N#Cc1cccc(C=O)c1O
544,N#Cc1ccc(C(=O)O)cc1
545,COC(=O)c1ccc(C#N)c(O)c1
546,N#Cc1ccc(O)c(C=O)c1
547,Nc1ccccc1.O=C(O)c1ccccc1C(=O)O
548,N#Cc1ccccc1C(=O)O
549,N#CCOc1ccc(C(=O)O)cc1
550,N#Cc1ccccc1Oc1ccccc1C(=O)O
551,N#Cc1cc(O)cc(C(=O)O)c1
552,COC(=O)c1cc(C#N)ccc1OC
553,COC(=O)c1ccc(C#N)cc1OC
554,COC(=O)c1ccc(O)c(C#N)c1
555,Cc1cc(C#N)cc(C(=O)O)c1
556,N#Cc1cccc(C(=O)O)c1
557,COc1cc(C(=O)O)ccc1C#N
558,N#CCOc1cc2ccccc2cc1C(=O)O
559,N#Cc1cc(C(=O)O)c(O)cc1N
560,COc1ccc(OCC#N)c(C(=O)O)c1
561,N#Cc1ccc(Oc2ccc(C(=O)O)cc2)cc1
562,N#Cc1ccccc1O
563,N#CCc1ccc(Oc2ccc(C(=O)O)cc2)cc1
564,N#Cc1cc(C=O)ccc1O
565,N#CCOC(=O)c1ccccc1
566,N#Cc1ccc2cc(C(=O)O)ccc2c1
567,CC(C)(C#N)c1ccc(C(=O)O)cc1
568,O=C(O)c1ccccc1OCc1ccccc1Br
569,CC(=O)C(=O)Oc1ccccc1C(=O)O
570,COC(=O)c1ccc(Oc2ccc(C#N)cc2)cc1
571,N#CCC(=O)c1ccccc1O
572,N#Cc1ccc2c(C=O)c(O)ccc2c1
573,COC(=O)c1ccc(C#N)cc1
574,COC(=O)c1ccc(OC)c(C#N)c1
575,COC(=O)c1ccccc1C#N
576,COc1ccc(C#N)c(C(=O)O)c1
577,CCOC(=O)c1ccc(OCC#N)cc1
578,Cc1ccc(C(C)(C)C)c(O)c1
579,Cc1cccc(C=O)c1OCC#N
580,COC(=O)c1cc(CC#N)ccc1OC
581,N#Cc1ccc2c(C(=O)O)cccc2c1
582,Cc1c(O)cccc1C#N
583,COc1cc(C#N)ccc1C=O
584,N#CCc1ccccc1O
585,COc1ccccc1C(=O)C#N
586,Cc1cc(C(=O)O)ccc1C#N
587,Cc1cc(C#N)ccc1Oc1ccc(C(=O)O)cc1
588,Cc1cc(C#N)ccc1C(=O)O
589,Cc1c(C#N)cccc1C(=O)O
590,COC(=O)c1cc(C)cc(C#N)c1
591,COc1ccc(C#N)cc1C=O
592,Cc1ccc(C(=O)O)c(C#N)c1
593,Cc1ccc(C#N)cc1C(=O)O
594,Cc1ccc(C(=O)O)cc1C#N
595,N#CCc1cccc(C(=O)O)c1
596,N#Cc1ccc(-c2ccc(C(=O)O)cc2)cc1
597,N#CCOc1ccc(C=O)cc1
598,N#Cc1ccc(Oc2ccccc2C=O)cc1
599,COc1ccccc1C(O)CN.O=C(O)C(=O)O
600,COC(=O)c1ccc(OC)cc1C#N
601,Cc1ccc(C#N)cc1O
602,COC(=O)c1cc(C#N)cc(I)c1O
603,N#CCCOC(=O)c1ccccc1
604,COc1cc(C=O)ccc1C#N
605,N#Cc1ccc(Oc2cccc(C(=O)O)c2)cc1
606,O=C(O)c1ccc2cc(C3CC3)c3ccccc3c2c1
607,CNc1ccccc1.N=Cc1ccccc1O
608,Cc1cc(C#N)c(O)c(C#N)c1
609,N#Cc1ccccc1Oc1ccccc1C=O
610,COC(=O)c1ccccc1CC#N
611,CC(C)(C#N)OC(=O)c1ccccc1
612,COC(=O)c1ccc2cc(C#N)ccc2c1
613,COC(=O)c1cccc(OC)c1CC#N
614,CC(C)(C#N)c1cccc(C(=O)O)c1
615,N#Cc1ccc(OCc2ccccc2C(=O)O)cc1
616,CC(C#N)c1cccc(C(=O)O)c1
617,CC(C)Oc1ccc(C(=O)O)cc1C#N
618,N#CC(O)c1ccc(O)cc1
619,N#Cc1ccc(C(=O)O)c(C=O)c1
620,N#Cc1cccc(-c2ccc(C=O)c(O)c2)c1
621,COc1c(C(=O)O)cccc1-c1cccc(C#N)c1
622,CCOC(=O)c1ccc(C#N)cc1
623,N#Cc1cccc(O)c1O
624,Cc1cc(C#N)cc(C)c1O
625,CC(=O)c1cc(C#N)ccc1O
626,CC(C#N)OC(=O)c1ccccc1
627,N#CC1(c2ccc(C(=O)O)cc2)CC1
628,Cc1cc(C#N)ccc1O
629,N#Cc1ccccc1OCc1cccc(C(=O)O)c1
630,CNCc1ccccc1OC.O=C(O)C(=O)O
631,COc1ccc(C=O)c(OCC#N)c1
632,COc1ccc(OCC#N)c(C=O)c1
633,COC(=O)c1cccc2cc(C#N)ccc12
634,CCOC(=O)c1ccc(CC#N)cc1
635,Cc1ccc(C(=O)Oc2ccc(C#N)cc2)cc1
636,COc1ccccc1C(O)CN
637,COc1ccccc1C(O)CN.Cl
638,N#Cc1cc(CO)c(O)cc1CO
639,COC(=O)c1c(C#N)ccc(OC)c1C
640,COC(=O)c1cc(OC)ccc1C#N
641,COC(=O)c1c(C#N)ccc(OC)c1OC
642,N#Cc1ccc(OC(=O)c2ccc(O)cc2)cc1
643,CCOC(=O)c1cc(C#N)c(N)c(C)c1O
644,CCOC(=O)c1ccccc1C#N
645,N#Cc1ccccc1COc1ccc(C(=O)O)cc1
646,N#CCOc1cccc(C=O)c1
647,N#Cc1ccc(OCc2cccc(C(=O)O)c2)cc1
648,COc1ccc(C=O)cc1C#N
649,N#Cc1cc(C(=O)O)c2ccccc2c1
650,N#CCOc1ccc(Cl)cc1C=O
651,COc1ccccc1C(=O)CC#N
652,O=Cc1ccccc1OCCN1CCOCC1
653,N#CCCc1cccc(C(=O)O)c1
654,N#CCNc1ccc(C(=O)O)cc1
655,COC(=O)c1cccc(Oc2ccc(C#N)cc2)c1
656,N#Cc1ccc(Br)cc1C(=O)O
657,N#CCc1ccc(O)cc1O
658,COC(=O)c1cc(C)c(C#N)c(C)c1
659,CC(C)COc1ccc(C(=O)O)cc1C#N
660,CCOC(=O)c1cccc(C#N)c1
661,COC(=O)c1ccc(C#N)c(C)c1
662,N#Cc1ccc(C(=O)O)cc1Br
663,COC(=O)c1ccc(C#N)cc1C
664,N#Cc1ccc(C(=O)O)c(Br)c1
665,N#CCC(=O)c1ccc(O)cc1
666,N#Cc1ccc(Oc2ccc(C=O)cc2)cc1
667,CC(C)(C#N)c1ccc(O)cc1
668,COC(=O)c1cc(C#N)cc(C(=O)OC)c1
669,N#Cc1cc(C(=O)O)cc(C(F)(F)F)c1
670,N#Cc1ccc(-c2cccc(C=O)c2)cc1O
671,N#Cc1cccc(-c2cccc(C=O)c2O)c1
672,N#Cc1cccc(-c2cc(O)cc(C(=O)O)c2)c1
673,COC(=O)c1ccc(OCc2ccccc2C#N)cc1
674,COC(=O)c1ccc(OC(C)C)c(C#N)c1
675,COc1ccc(C=O)c(C#N)c1
676,COc1cccc(OC)c1C#N
677,CC(=O)Oc1ccccc1C#N
678,N#CCc1ccc(O)cc1
679,CCc1ccc(C(=O)O)cc1C#N
680,COC(=O)c1cccc(C)c1C#N
681,CC(C#N)Oc1ccc(C=O)cc1
682,N#CCOc1ccc(CO)cc1
683,CNCc1ccccc1OC
684,N#Cc1ccccc1Oc1ccccc1CO
685,N#CCc1cccc(O)c1
686,COc1ccccc1CC#N
687,Cc1c(O)ccc(C#N)c1C
688,COC(=O)c1ccc(-c2ccc(C#N)cc2)cc1
689,O=C(O)C(=O)O.O=Cc1ccccc1OCCN1CCOCC1
690,Cl.O=Cc1ccccc1OCCN1CCOCC1
691,COC(=O)c1cc(Cl)c(O)c(C#N)c1
692,N#Cc1cccc(C(=O)O)c1Cl
693,CC(=O)c1ccc(O)c(C#N)c1
694,N#Cc1ccc(I)cc1C(=O)O
695,N#Cc1cc(C(=O)O)ccc1OCc1ccccc1
696,N#Cc1cc(Br)cc(C(=O)O)c1
697,N#Cc1cc(Br)ccc1C(=O)O
698,COC(=O)c1ccc(C)cc1C#N
699,N#Cc1cc(N)ccc1C(=O)O
700,COC(=O)c1cccc(CC#N)c1
701,N#Cc1cccc(-c2ccc(C(=O)O)cc2)c1
702,N#Cc1ccc(-c2ccc(C(=O)O)c(F)c2)cc1O
703,N#Cc1ccccc1-c1ccc(C(=O)O)cc1
704,COc1ccc(C(=O)O)cc1COc1ccc(C#N)cc1
705,COc1ccc(C(=O)C#N)cc1
706,COC(=O)c1c(C)cc(C)cc1C#N
707,COC(=O)c1cc(C#N)ccc1C
708,N#Cc1cccc(C(=O)O)c1F
709,Cc1ccccc1OCC#N
710,N#Cc1cc(F)ccc1C(=O)O
711,CC(C)(C)OC(=O)c1ccc(C#N)cc1
712,COC(=O)c1ccc(C)c(C#N)c1
713,N#Cc1ccccc1COc1cccc(C(=O)O)c1
714,N#Cc1cccc(OCc2cccc(C(=O)O)c2)c1
715,CNCc1ccccc1OC.Cl
716,CCOC(=O)c1ccccc1CC#N
717,COc1cccc(C=O)c1OCC#N
718,COC(=O)c1cc(OC)cc(C)c1C#N
719,N#Cc1ccc(C(=O)O)cc1I
720,N#Cc1ccc(N)c(C(=O)O)c1
721,N#Cc1ccc(Br)c(C(=O)O)c1
722,N#Cc1cc(C(=O)O)ccc1N
723,COC(=O)c1cccc(C(C)(C)C#N)c1
724,N#Cc1cccc(C(=O)O)c1I
725,COc1cccc(OC)c1CC#N
726,COc1cccc(C#N)c1C
727,O=Cc1ccccc1OCCN1CCCCC1
728,O=C(O)C(=O)O.O=Cc1ccccc1OCCN1CCCCC1
729,Cl.O=Cc1ccccc1OCCN1CCCCC1
730,N#Cc1cc(Cl)cc(C(=O)O)c1
731,CC(C)(C)c1ccc(C#N)c(O)c1
732,N#Cc1ccc(Cl)c(C(=O)O)c1
733,N#Cc1c(Cl)cccc1C(=O)O
734,N#Cc1ccc(-c2cccc(C(=O)O)c2)cc1
735,N#Cc1cccc(-c2cccc(C(=O)O)c2)c1
736,N#CCc1ccc(Br)cc1C(=O)O
737,N#Cc1ccc(C(=O)O)c(N)c1
738,N#Cc1ccc(C(=O)O)cc1N
739,COC(=O)c1cc(OC)c(C)cc1C#N
740,N#Cc1ccc(N)cc1C(=O)O
741,N#CCC(=O)c1cccc(O)c1
742,N#Cc1ccc(F)cc1C(=O)O
743,N#Cc1ccc(F)c(C(=O)O)c1
744,N#Cc1cc(C(=O)O)ccc1F
745,N#Cc1ccc(C(=O)O)c(F)c1
746,N#Cc1cccc(F)c1C(=O)O
747,Cc1cc(O)cc(C#N)c1
748,N#Cc1cc(C(=O)O)ccc1Br
749,N#Cc1ccc(C(=O)O)c(Cl)c1
750,N#Cc1ccc(-c2ccccc2)cc1O
751,N#Cc1ccc(-c2ccc(C#N)c(O)c2)cc1
752,Cc1cc(C(=O)O)ccc1-c1ccc(C#N)cc1
753,COC(=O)c1cccc(-c2cccc(C#N)c2)c1OC
754,COc1cc(O)ccc1C#N
755,COC(=O)c1ccc(C#N)cc1C#N
756,COc1cccc(C)c1C#N
757,COc1ccccc1C(=O)CCC#N
758,CCOC(=O)c1cc(OC)ccc1C#N
759,CC(=O)c1ccccc1OCc1cccc(C#N)c1
760,CC(=O)c1ccc(OCC#N)cc1
761,N#Cc1ccc(C(=O)O)cc1Cl
762,N#Cc1cc(C(=O)O)ccc1Cl
763,COc1cc(C#N)ccc1C(C)=O
764,Cc1cc(O)c(C)c(C)c1C#N
765,N#Cc1cccc(COc2cccc(C=O)c2)c1
766,COc1ccc(COCC#N)cc1
767,N#Cc1c(F)cccc1Oc1ccc(C(=O)O)cc1
768,NOCc1ccc(Br)c(O)c1
769,Cl.NOCc1ccc(Br)c(O)c1
770,CC(C)(C)c1cc(C#N)c(O)c(C#N)c1
771,N#Cc1ccc(I)c(C(=O)O)c1
772,COc1c(O)cccc1C#N
773,N#CCc1ccc(C(=O)c2ccccc2)cc1O
774,N#Cc1ccc(C(=O)O)c(I)c1
775,CCc1cc(C#N)cc(C)c1O
776,CC(C)(C)OC(=O)c1cccc(C#N)c1
777,COC(=O)c1ccc(C#N)c(Br)c1
778,CN1CCN(CCCOc2ccccc2C=O)CC1.Cl
779,CCOC(=O)c1ccc(C#N)cc1C
780,N#Cc1cccc(Cl)c1O
781,CC(C)OC(=O)c1cccc(C#N)c1
782,COc1cc(C#N)ccc1C
783,N#Cc1ccc(F)cc1O
784,N#Cc1ccc(C(=O)O)cc1F
785,N#Cc1cc2ccccc2cc1O
786,N#Cc1ccc(-c2ccccc2O)cc1
787,COC(=O)c1cc(O)cc(-c2cccc(C#N)c2)c1
788,N#Cc1cc(F)cc(C(=O)O)c1
789,COc1cccc(C(=O)C#N)c1
790,CCOc1ccc(C(=O)C#N)cc1
791,COc1cc(C)ccc1C#N
792,N#Cc1cc(Cl)ccc1O
793,N#CCSc1ccccc1C(=O)O
794,N#Cc1cc(Cl)c(C(=O)O)c(Cl)c1
795,COc1ccc(O)cc1C#N
796,CCc1cc(C#N)ccc1O
797,N#Cc1ccc(CO)cc1
798,N#Cc1ccccc1COc1cccc(C=O)c1
799,N#Cc1cc(Cl)ccc1Oc1cccc(C(=O)O)c1
800,COc1ccccc1C(C)(C)C#N
801,N#Cc1ccc(N)cc1O
802,CC(C#N)Cc1ccc(O)cc1
803,N#Cc1cc(Br)ccc1O
804,CCOc1ccccc1CC#N
805,CC(=O)c1cc(Cl)cc(C#N)c1O
806,CCOC(=O)c1cccc(CC#N)c1
807,CC(C)(C)c1cc(C#N)ccc1O
808,N#CCc1cc(Br)ccc1C(=O)O
809,N#CCc1cc(C(=O)O)ccc1C(=O)O
810,COC(=O)c1ccc(C#N)cc1Br
811,NCc1ccc(C(=O)O)cc1.O=C(O)CC(O)(CC(=O)O)C(=O)O
812,COC(=O)c1ccc(-c2cccc(C#N)c2)cc1
813,COc1c(C)cc(C#N)cc1C
814,N#Cc1ccc(Br)cc1O
815,CC(=O)Oc1ccc(C#N)cc1
816,Cc1cc(-c2ccc(C#N)cc2)ccc1O
817,N#Cc1ccc(-c2ccc(O)cc2)cc1O
818,COc1cc(C(=O)O)cc(-c2ccc(C#N)cc2)c1
819,COc1ccc(C)cc1C#N
820,CC(C)(C)c1cc(CC#N)cc(C(C)(C)C)c1O
821,COc1ccc(C(=O)CC#N)cc1
822,Cc1ccc(OCC#N)cc1
823,COc1ccccc1C(=O)CCCC#N
824,COc1ccc(C#N)cc1
825,N#Cc1cc(F)c(C(=O)O)c(F)c1
826,N#Cc1cc(C(F)(F)F)ccc1C(=O)O
827,COc1ccc(COCCCC#N)cc1
828,N#Cc1ccccc1-c1ccccc1C(=O)O
829,Cc1ccccc1OCCC#N
830,N#Cc1ccc(ON)cc1
831,COc1ccc(C#N)cc1C
832,N#CCCCOc1cccc(C=O)c1
833,COc1ccc(COCCC#N)cc1
834,COC(=O)c1ccc(C(=O)CC#N)cc1
835,O=C(O)c1ccc(O)c2ncccc12
836,Br.O=C(O)c1ccc(O)c2ncccc12
837,Cl.O=C(O)c1ccc(O)c2ncccc12
838,N#CC(O)c1ccccc1
839,N#CCCc1cccc(O)c1
840,CCOC(=O)c1cccc(C(C)C#N)c1
841,N#Cc1ccc(-c2cccc(O)c2)cc1
842,CC(C)(C#N)c1ccc(C=O)cc1
843,N#Cc1cccc(I)c1O
844,N#Cc1ccc(-c2ccc(O)cc2)cc1
845,N#Cc1ccccc1-c1cccc(C(=O)O)c1
846,N#Cc1ccc(Oc2ccc(C(=O)Cl)cc2)cc1
847,COC(=O)c1ccc(-c2ccccc2C#N)cc1
848,N#CC(OC(=O)c1ccccc1)c1ccccc1
849,N#Cc1cccc2ccc(O)cc12
850,N#Cc1ccccc1OCCO
851,CC(NCCO)c1ccccc1O.O=C(O)C(=O)O
852,CC(C)(C)c1cc(C#N)cc(C(C)(C)C)c1O
853,COc1ccc(C(C)(C)C#N)cc1
854,N#CCOc1ccc(OCc2ccccc2)cc1
855,N#C[C@H](O)c1ccccc1
856,COc1ccccc1C(=O)CCCCC#N
857,COc1ccccc1C(=O)CCCCCC#N
858,COc1ccccc1C(=O)CCCCCCC#N
859,COc1ccc(CC#N)cc1
860,COc1ccc(OC)c(C#N)c1
861,COc1ccc(C(C)=O)cc1CC#N
862,N#Cc1ccc(OC(=O)c2c(Cl)cccc2Cl)cc1
863,N#CCSc1cccc(C(=O)O)c1
864,N#Cc1ccccc1Oc1ccc(C(=O)O)cc1Cl
865,N#CCS(=O)(=O)Cc1ccc(C(=O)O)cc1
866,N#CCc1ccc(CO)cc1
867,COc1cc(OC)cc(C(O)C#N)c1
868,COc1ccccc1C(N)C#N.O=C(O)C(F)(F)F
869,Cc1ccc(OCC#N)c(C)c1
870,N#Cc1c(Cl)cccc1Oc1cccc(C(=O)O)c1
871,N#Cc1ccccc1Sc1ccc(C(=O)O)cc1
872,COC(=O)c1cc(C=C(C#N)C#N)c(OC)cc1OC
873,N#CC(=O)c1ccccc1
874,NCCc1cc(O)c(O)cc1O
875,C[C@@H](O)CCc1ccc(O)cc1
876,COc1ccc2ccccc2c1C#N
877,COc1cccc(CC#N)c1O
878,N#CCc1ccccc1OCc1ccccc1
879,N#CCc1ccc(OCc2ccccc2)cc1
880,COc1ccc(CC#N)cc1C
881,COc1ccc(CC#N)c(C)c1C
882,COc1cc(CC#N)ccc1C
883,COc1ccc(C(=O)CCC#N)cc1
884,COc1ccc(CC#N)c(OC)c1
885,N#Cc1cccc2cc(O)ccc12
886,COC(=O)c1ccc(C#N)cc1Cl
887,N#Cc1ccc(C(=O)O)c(F)c1F
888,CCCCCCc1ccc(C(=O)Oc2ccc(C#N)cc2)cc1
889,COc1ccccc1C(=O)N1CCN(C(C)C)CC1.O=C(O)C(=O)O
890,Cc1ccc(C(O)CN)cc1.O=C(O)C(=O)O
891,N#Cc1ccc(Oc2ccc(C=O)cc2)cc1C#N
892,COC(=O)c1ccc(C#N)cc1F
893,COC(=O)c1ccc(C#N)cc1N
894,COC(=O)c1ccc(C#N)c(N)c1
895,COC(=O)c1cccc(-c2ccc(C#N)cc2)c1
896,COC(=O)c1cccc(-c2cccc(C#N)c2)c1
897,COC(=O)c1ccc(C#N)c(Cl)c1
898,CCOC(=O)c1ccc(C#N)c(Br)c1
899,CC(C)(C#N)c1ccc(OCc2ccccc2)cc1
900,CC(C#N)c1ccc(OCc2ccccc2)cc1
901,CCCCCCCc1ccc(C(=O)Oc2ccc(C#N)cc2)cc1
902,N#Cc1ccccc1OCCN
903,Cl.N#Cc1ccccc1OCCN
904,COC(=O)c1cccc(COc2ccc(Cl)cc2C#N)c1
905,CC(=O)c1ccc(OCCOc2ccc(C#N)cc2)cc1
906,CC(C)(C#N)OC(=O)c1ccc(Br)cc1
907,COc1cccc(CC#N)c1
908,N#Cc1ccccc1Oc1ccccc1
909,N#Cc1ccc(O)c2ccccc12
910,N#Cc1cc2c(c(C(=O)O)c1)OCCO2
911,CC(C)COc1ccccc1C#N
912,COc1cccc(C(=O)CC#N)c1
913,N#Cc1c(C#N)c(O)c2ccccc2c1O
914,Oc1ccc(-c2ccc3cc(O)ccc3c2)c(O)c1
915,O=C(Oc1cc(OC(=O)c2cc(O)c(O)c(O)c2)c2ccccc2c1)c1cc(O)c(O)c(O)c1
916,COC(=O)COc1ccccc1C#N
917,CCOc1ccc(CC#N)cc1
918,N#Cc1ccc2ccc(O)cc2c1
919,CNCc1cc(Br)ccc1OC.O=C(O)C(=O)O
920,COc1cccc(CNCc2ccccc2OC)c1.O=C(O)C(=O)O
921,COC(=O)c1ccc(C#N)c(F)c1
922,N#Cc1ccc(Oc2ccc(C(=O)c3ccc(O)cc3)cc2)cc1
923,CC(=O)c1cc(C#N)c(N)cc1O
924,CCOC(=O)c1ccc(-c2ccccc2C#N)cc1
925,COc1ccc(C(O)c2ccc(C#N)cc2)cc1
926,COCCOc1ccccc1C#N
927,N#Cc1ccccc1OCCC(=O)O
928,N#Cc1cccc(-c2ccccc2O)c1
929,N#Cc1ccc(-c2ccc(C(=O)O)c(Cl)c2)cc1
930,COc1cc(C=O)cc(-c2ccc(C#N)cc2)c1
931,Cc1ccc(COc2ccc(CC#N)cc2)cc1
932,COc1ccc(COc2ccc(CC#N)cc2)cc1
933,CNC(C)c1ccc(OC)cc1.O=C(O)C(=O)O
934,CC(=O)COc1ccccc1C#N
935,COC(=O)c1c(Cl)cc(C#N)cc1Cl
936,N#CC(C#N)=Cc1ccc(O)cc1
937,CC(=O)c1cc(C#N)c(N)c(C)c1O
938,CC(=O)c1ccc(Oc2c(C#N)cccc2C#N)cc1
939,COc1ccc(C(=O)CC(C)C#N)cc1
940,N#CCC(=O)c1ccccc1OC(F)F
941,N#CC(O)c1ccccc1OC(F)(F)F
942,COc1ccc(OC)c(CC#N)c1
943,CCOC(=O)c1ccc(C#N)cc1Cl
944,CCC[C@H]1CC[C@H](c2ccc(C(=O)Oc3ccc(C#N)cc3)cc2)CC1
945,CCCCC[C@H]1CC[C@H](c2ccc(C(=O)Oc3ccc(C#N)cc3)cc2)CC1
946,CC[C@H]1CC[C@H](c2ccc(C(=O)Oc3ccc(C#N)cc3)cc2)CC1
947,CCCC[C@H]1CC[C@H](c2ccc(C(=O)Oc3ccc(C#N)cc3)cc2)CC1
948,COCC(C)NCc1ccccc1OC.O=C(O)C(=O)O
949,Cc1ccc(C(O)CN)cc1
950,COc1cc2ccccc2cc1C#N
951,COc1cccc(I)c1C#N
952,CCOCCOc1ccccc1C#N
953,CN(C)CC[C@@H](O)c1ccccc1.O=C(O)C(=O)O
954,CN(C)CC[C@H](O)c1ccccc1.O=C(O)C(=O)O
955,N#Cc1ccc(-c2ccc(C(=O)O)c(F)c2)cc1
956,COc1ccc(CCC#N)cc1
957,N#CCc1cccc(OCc2ccccc2)c1
958,N#CCCc1c(O)ccc2ccccc12
959,Cc1ccc(C(=O)C#N)cc1
960,N#Cc1ccc(-c2ccc(C(=O)O)cc2)cc1F
961,COc1ccc(C(=O)CCCC#N)cc1
962,CC(=O)Oc1ccccc1C(=O)c1ccc(C#N)cc1
963,COc1ccc(C(=O)CCCCC#N)cc1
964,CCOC(=O)COc1ccccc1C(O)C#N
965,CCOC(=O)COc1ccccc1C#N
966,N#Cc1ccccc1OCCCO
967,CNCCOc1ccccc1C#N
968,CCOC(=O)c1ccc(C#N)c(Cl)c1
969,CC(Oc1ccccc1C#N)C(=O)O
970,N#CCc1ccc(OCC(=O)O)cc1
971,N#CCc1ccccc1Oc1ccccc1
972,COc1ccc(-c2ccc3cc(C(=O)O)ccc3c2)cc1C12CC3CC(CC(C3)C1)C2
973,CCCCCc1ccc(C(=O)Oc2ccc(-c3ccc(C#N)cc3)cc2)cc1
974,C[C@@H](O)c1ccc(C#N)cc1
975,C[C@H](O)c1ccc(C#N)cc1
976,COc1ccc2cc(CC#N)ccc2c1
977,CCc1ccc(C(=O)Oc2ccc(C#N)c(F)c2)cc1
978,Cc1ccc(C(O)CN)cc1.Cl
979,CCc1ccc(CN)cc1.CCc1ccc(CN)cc1.O=C(O)C(=O)O
980,COC(=O)c1ccc(-c2ccc(C#N)c(Cl)c2)cc1
981,N#CCC(=O)c1ccc(OC(F)(F)F)cc1
982,CC(=O)Oc1ccc(C(=O)c2ccc(C#N)cc2)cc1
983,COc1ccccc1CCC(=O)c1ccc(C#N)cc1
984,COc1ccc(C(=O)CCCCCC#N)cc1
985,COc1ccc(C(=O)CCCCCCC#N)cc1
986,CC(=O)c1ccc(C#N)cc1
987,N#CCC(=O)c1ccc(OC(F)F)cc1
988,N#CCc1ccc(OCCO)cc1
989,Cc1cc(C)c(C)c(OCCC#N)c1
990,CC(O)c1ccc(C#N)cc1
991,N#CCc1ccc(Oc2ccccc2)cc1
992,CCCCCCCCCCc1ccc(C(=O)Oc2ccc(-c3ccc(C#N)cc3)cc2)cc1
993,CCOC(=O)c1ccc(-c2ccc(C#N)c(Cl)c2)cc1
994,N#Cc1ccc(-c2cccc(C(=O)O)c2)cc1Cl
995,N#Cc1ccc(-c2ccc(F)c(C(=O)O)c2)cc1
996,COc1ccc(CCC(=O)c2ccc(C#N)cc2)cc1
997,COc1ccc(C(=O)CC#N)cc1OC
998,COc1cc(C(C)=O)cc(-c2cc(C(C)=O)cc(OC)c2O)c1O
999,COc1ccc2cccc(CC#N)c2c1
